{
  "type": "panel",
  "name": "Pontus Vision Panel",
  "id": "pontusvision-panel",

  "info": {
    "description": "Pontus Vision Panel",
    "author": {
      "name": "Leo Martins"
    },
    "keywords": ["Pontus", "LGPD", "GDPR"],
    "logos": {
      "small": "img/logo.svg",
      "large": "img/logo.svg"
    },
    "links": [
      { "name": "Website", "url": "https://github.com/pontus-vision/" },
      { "name": "License", "url": "https://github.com/pontus-vision/LICENSE" }
    ],
    "screenshots": [],
    "version": "1.0.0",
    "updated": "2021-11-16"
  },

  "dependencies": {
    "grafanaVersion": "7.x.x",
    "plugins": []
  }
}
